<?xml version="1.0"?>
<!DOCTYPE hibernate-mapping PUBLIC "-//Hibernate/Hibernate Mapping DTD 3.0//EN"
"http://www.hibernate.org/dtd/hibernate-mapping-3.0.dtd">
<!-- Generated Oct 30, 2016 10:11:49 PM by Hibernate Tools 4.3.1 -->
<hibernate-mapping>
    <class name="stadium.Reservation" table="reservation" catalog="reservation" optimistic-lock="version">
        <id name="reservId" type="java.lang.Integer">
            <column name="ReservID" />
            <generator class="identity" />
        </id>
        <property name="customerId" type="int">
            <column name="CustomerID" not-null="true" />
        </property>
        <property name="price" type="int">
            <column name="Price" not-null="true" />
        </property>
    </class>
</hibernate-mapping>
